,Standard Deviation,Mean,Peak-to-Peak,No of Peaks
0,0.2819172137030112,0.001334908714084328,1.6157514215642794,[47 56 81]
1,0.3055707587916118,0.001021340735943944,1.6877386326750434,[56 85]
2,0.2716332546579448,0.0007334509277848174,1.4725427100064787,[59 84]
3,0.28754480487175266,0.0007204019709619542,1.6222046578868161,[55 80]
4,0.2895292538081022,0.0010176896619170516,1.7118186027923024,[55 82]
5,0.2614356958188886,0.0009035411248845904,1.5392599888948322,[55 75]
6,0.32163745510384745,0.0012433060645669052,1.5434794351581131,[ 56  82 130]
7,0.3302142631665554,0.0012629006114306298,1.8289509605697911,[59 85]
8,0.2793124595445334,0.0014180881748949697,1.5425573677891362,[56 78]
9,0.30329732571464574,0.0010826462019898114,1.7765849868506194,[56 84]
10,0.29885851642106204,0.0009625934591869109,1.6769357230434871,[55 84]
11,0.30787757313659064,0.0010272075976811789,1.817214164871674,[55 82]
12,0.29954428428429214,0.0009607270868906323,1.7097943336201742,[52 80]
13,0.2637547747298761,0.0005491935594609107,1.4070703458931733,[84]
14,0.2989890275613943,0.0010297584570360806,1.740028065447456,[55 75]
15,0.27325745659794815,0.0006951737408398065,1.4226538851692494,[54]
16,0.296508131195441,0.0009378476951452,1.7030801800106725,[54 81]
17,0.28398716417497405,0.0014701409546560799,1.6502641806167744,[47 56 80]
18,0.3402604474549176,0.000790042430052502,1.846269869123748,[61 86]
19,0.32504523560087695,0.0012797224551276565,1.924138560275984,[55 81]
20,0.2973821804624709,0.0009349881732995148,1.661661049863085,[56 84]
21,0.28550056144537916,0.0016123095426693482,1.5883822091256063,[59 81]
22,0.32121140798443193,0.0012136354247908898,1.8658370696168867,[55 82]
23,0.33963165689441804,0.00048365896118822795,1.94511780101711,[59 82]
24,0.2685248407641389,0.001388863639999755,1.5169217024156385,[55 75]
25,0.26046305567246164,0.0010083610488340576,1.5238078540474402,[55 81]
26,0.2875174146172042,0.0005920845579000561,1.610904415283466,[59 85]
27,0.3066960542341331,0.0006341633233982033,1.6575983248548332,[59 86]
28,0.3033407635585973,0.0009932206528121153,1.7848982734887695,[55 82]
29,0.3108013066687083,0.0009870839953915389,1.809668660573452,[54 75]
30,0.3117815359551402,0.000986305863998598,1.740008193252406,[55 82]
31,0.311856787436729,0.0010204675570108259,1.8257964816632053,[55 81]
32,0.30795937105959736,0.0007377546071383377,1.6673482580136574,[59 86]
33,0.2978483123924276,0.0013763708252952649,1.5405153566875809,[58 82]
34,0.269896283117959,0.0005975554713640277,1.4688211815983725,[55 80]
35,0.29523021525971527,0.0005585097042523058,1.644379852784783,[59 81]
36,0.3278529196917583,0.0012605242830616148,1.9455510758918158,[56 80]
37,0.3542330278409833,0.00025731196705298606,1.9933637787963956,[61 82]
38,0.2944818521964126,0.000984448467248444,1.7455683687177652,[56 85]
39,0.26446381495366,0.001202409995769316,1.4882552455563065,[55 78]
40,0.31466585955475496,0.0010397508988629093,1.775113305405156,[56 84]
41,0.2967133421811513,0.0009549901547021746,1.718946685026434,[55 81]
42,0.319852801590384,0.0016617610194506458,1.792031202247843,[48 58 81]
43,0.30200358594931725,0.0010463192330905943,1.6692209107337002,[56 80]
44,0.3030482543273768,0.0005733248328780983,1.6388640035021718,[59 86]
45,0.2944964552237772,0.0015106684690645521,1.660647525407383,[49 59 81]
46,0.2848442211748222,0.0010432970987362784,1.6807811699063926,[56 85]
47,0.34194777341021454,0.0010633090082376453,1.686130335337193,[56 84]
48,0.3151607394109151,0.001583146176069713,1.7499380839300946,[50 61 82]
49,0.275254532795251,0.0013401608352757227,1.5684666864751908,[59 82]
50,0.28314361804516264,0.0009825654615001657,1.6803575358906642,[54 81]
51,0.27920986019211835,0.0010862249694479622,1.5659430114450386,[55 78]
52,0.26940580446515566,0.0008214240123580839,1.4367444950388637,[54 78]
53,0.26183643191816997,0.001214039530723759,1.4841688974038818,[55 75]
54,0.32834492565746654,0.0012167376636036847,1.8977648212255445,[59 82]
55,0.33147440610387263,0.0014272689802508416,1.8977779091571638,[58 81]
56,0.2921706870173498,0.0008780210130703949,1.5621565102020556,[59 85]
57,0.3222771294325615,0.001438537388005803,1.8909867539546708,[59 82]
58,0.2857244457061267,0.0014261467277218993,1.6520786465382349,[47 56 80]
59,0.32635114051112474,0.0014192234319071015,1.8704783636622326,[56 80]
60,0.3175960295193714,0.0013481005552694843,1.850719937723425,[59 82]
61,0.287888560437587,0.0015201320328258486,1.5767184115879367,[56 80]
62,0.2789008138098215,0.0009920196905266422,1.5344644632211089,[55 78]
63,0.3205338507147083,0.0012101077026975082,1.8566712356051238,[56 80]
64,0.3146507583972042,0.0009618600784959094,1.781081705175795,[54 81]
65,0.3313811745918775,0.0005773534313165952,1.9262809812688073,[59 82]
66,0.335325328307013,0.0014037923374825559,1.8656401671198461,[59 82]
67,0.3105917422915988,0.001478733487822435,1.7466667230468245,[61 82]
68,0.37038284747155165,0.00163972795467772,1.9105652142544969,[ 14  30  59  82 110]
69,0.29529695846922216,0.0009319463650699472,1.6150181184456534,[59 85]
70,0.3190633241106356,0.0012458862114288784,1.8281186432900018,[56 82]
71,0.30630161524783045,0.0006733961505554408,1.6591499541054548,[59 86]
72,0.2972906978466389,0.0010518421731103122,1.7419678152873328,[56 85]
73,0.3266892838554391,0.001338150524398599,1.9286692059543855,[59 82]
74,0.2931908376964436,0.0012788351092346134,1.7120649513842225,[55 80]
75,0.3371169092769617,0.0004503227845644744,1.921254421948523,[59 82]
76,0.3138185919124821,0.001605460469375453,1.7565837411613163,[51 63 85]
77,0.28508317088746815,0.001022942945476268,1.6297191021300343,[55 84]
78,0.3152260358771715,0.001115740598666899,1.819162320862322,[54 75]
79,0.3378254001122831,0.001051191278036341,1.9651129681091213,[54 75]
80,0.29390670582339135,0.0012683859819344787,1.732989698072058,[55 78]
81,0.28227560668882645,0.0009290280956884217,1.6591595809603872,[55 82]
82,0.3040040726862127,0.0009910611247024787,1.658717791186639,[59 85]
83,0.29281368662158863,0.0012680664246581467,1.6976626279840723,[55 78]
84,0.29353723318427827,0.0016457431584848724,1.6345292304545924,[48 59 80]
85,0.33072989673624303,0.0012512782799667694,1.8007043373225726,[59 85]
86,0.277207764327259,0.0012925182879570734,1.559482372976881,[47 56 80]
87,0.29938299503633287,0.0013591324017925082,1.6065172110324704,[48 58 81]
88,0.32865000387057275,0.001234626216444985,1.9241575252386887,[56 82]
89,0.29408070848381346,0.0009165948620591805,1.5958993979991432,[59 85]
90,0.34782622716487555,0.0012218943354830388,1.8488752904421377,[59 85]
91,0.2862589922045338,0.000348561400487585,1.540816861439592,[59 84]
92,0.25899710979199336,0.0012895232848602767,1.4943884476665725,[55 75]
93,0.2941752949313902,0.0009584099335657688,1.7212755663339538,[55 81]
94,0.2976304794871526,0.0009399745815911732,1.7305270485701114,[55 82]
95,0.30725110246760867,0.0010406566752887152,1.8041624708468422,[55 81]
96,0.30618588278257924,0.0007276387264824778,1.6403107344111958,[27 55 78]
97,0.34138782256689726,0.00046821609517597217,1.96191401680011,[59 82]
98,0.2990872442082005,0.0009735914991588655,1.753924960095076,[56 85]
99,0.30762144323837015,0.0016875618022535678,1.7444328603254493,[49 59 81]
100,0.3088531849921164,0.0010122161976314856,1.7759829572841999,[55 81]
101,0.2978754075404287,0.001029748683623526,1.7347519093381158,[55 78]
102,0.2895296792292905,0.001514624988131649,1.508555954174493,[56 84]
103,0.29267705319519594,0.0017153403419823971,1.6422767704858852,[49 59 80]
104,0.3160895036010722,0.0013577188483752715,1.7877853834493562,[59 81]
105,0.2651093077781559,0.0007919618145575694,1.5392779123709692,[55 75]
106,0.26797575789520306,0.0010885538554863535,1.5092626191721354,[56 81]
107,0.33533341075065753,0.0013482842106848252,1.9332499585033909,[56 80]
108,0.30855696315293446,0.0010289346735213774,1.7346592769338756,[56 84]
109,0.341917609558194,0.0012724994482560708,1.9099753885058224,[49 59 84]
110,0.32380347002374293,0.0014971583523667818,1.8995894363564925,[59 82]
111,0.336110658026841,0.0012478372483662136,1.86860891645845,[56 82]
112,0.289302530490017,0.0003275384722380448,1.6179133934038084,[59 85]
113,0.311158326032479,0.0013526200197831512,1.820376364805298,[56 80]
114,0.3398716245760459,0.0013462354039086508,1.9197085452931604,[59 82]
115,0.33193210390258926,0.0005885425502517189,1.8801320755410686,[59 82]
116,0.31372817527449137,0.0014845793441297754,1.7922972739955676,[49 59 82]
117,0.25407148237263016,0.0009892228544792353,1.488747486099224,[55 81]
118,0.3054800083096864,0.0009877969858527401,1.6952781707873292,[59 85]
119,0.30966263286570006,0.0010215378110607094,1.8389858367375598,[55 78]
120,0.3368521517320326,0.000543083714062049,1.902019916807447,[59 82]
121,0.2690702783973418,0.0012958081647159486,1.5241270705002423,[56 80]
122,0.3268164033348597,0.0011666809566758484,1.9183313157694597,[59 82]
123,0.30874449764397327,0.0010291671973195772,1.8033707515919488,[55 81]
124,0.2914972814396957,0.0009113135058085994,1.6772499119326933,[55 82]
125,0.3423533248670197,0.001273620500021324,1.9640564571578327,[56 82]
126,0.29334499318074425,0.001415286591315277,1.633776067248119,[59 81]
127,0.30696913016419863,0.000999328497072941,1.7717535288861295,[55 82]
128,0.298946818942941,0.0009265204049125275,1.7009365415387383,[52 80]
129,0.3283721894304685,0.001358320245255596,1.9226042881079088,[59 82]
130,0.29280530699647606,0.0009014997774837614,1.7050971621568316,[55 82]
131,0.2843905788378622,0.0013915993514104787,1.6017171246889932,[56 82]
132,0.31562234064424033,0.00011257979324206223,1.5307521580780472,[59 84]
133,0.32826054579286457,0.0013231757142056254,1.8842991991721458,[54 76]
134,0.3058971490881745,0.0010020052087442118,1.794876893373817,[55 81]
135,0.30131164438787483,0.0009755576852405894,1.6917049868163798,[54 80]
136,0.33238249312681567,0.001318894698995743,1.715694771412883,[30 61 82]
137,0.31735849216695156,0.0007663034750985419,1.7694538340396109,[51 63 82]
138,0.3329529949307491,0.0014006949063407631,1.9178845073773054,[56 81]
139,0.27219801949159295,0.0006382272331797404,1.4714560925343987,[63 84]
140,0.2954739018211882,0.0009209445424690196,1.6352496805640084,[56 85]
141,0.3147283852292098,0.0009754758409079872,1.846097086350928,[55 78]
142,0.32533274024075437,0.0013781520353654294,1.9068390369196544,[59 82]
143,0.32536013236179984,0.001170119310927345,1.8282530905763017,[59 85]
144,0.27211292629067524,0.0011485702582741647,1.5838769332296327,[56 82]
145,0.3135812192420186,0.000985049286970196,1.7911924671872554,[55 78]
146,0.33459778354363623,0.0012381033937169334,1.9994161139151214,[55 81]
147,0.2858624677948101,0.0010236821078824705,1.662784029124107,[52 81]
148,0.2837476651870578,0.0011342850581013812,1.6228765868514614,[56 82]
149,0.3012989879222955,0.0010302070973530178,1.7688481095965958,[55 82]
150,0.34289803363418314,0.00044281289364363685,1.9298110167570446,[61 82]
151,0.3520763126949727,0.0004725824035124675,1.9282818393807784,[30 59 82]
152,0.35741109134484594,0.0015464421391207222,1.9969984618842562,[58 81]
153,0.3329305972388646,0.0010004502955312305,1.9688864936768682,[56 80]
154,0.2857703612755354,0.0010200691332202323,1.702881531949299,[55 82]
155,0.2947364820938315,0.0016698453005197617,1.610704225878953,[48 58 80]
156,0.30627184607901,0.0010243388384444908,1.8056345981283077,[55 82]
157,0.32316781770301745,0.0012633820132308218,1.896535707314996,[59 82]
158,0.30481864591618024,0.0009909740206624875,1.7654053569789574,[55 82]
159,0.32830327249004576,0.0012715127954070228,1.783405185452657,[59 82]
160,0.36198372883539204,0.0003357707310599135,1.973905532829297,[30 59 82]
161,0.3048810472542322,0.0005166816033874845,1.685279993094761,[59 82]
162,0.3057855102588368,0.0010090996425155796,1.701632729376032,[59 85]
163,0.2944891833542236,0.0010247524826958883,1.7199946016306558,[54 82]
164,0.31456188356841375,0.0007447731864804947,1.7248956274172738,[61 82]
165,0.2711023957182644,0.0006846500078702578,1.4704530087657122,[55]
166,0.2947541693725369,0.0009142783815663845,1.6435351398851423,[56 85]
167,0.30781082928339676,0.0008293686088907987,1.695958028790435,[59 85]
168,0.32936035145513076,0.00047077045621290493,1.900677334145604,[59 82]
169,0.33018463943685294,0.0012951863515897558,1.9456769462475554,[55 82]
170,0.3306411534146065,0.0012812390380173965,1.9476207829365433,[55 82]
171,0.294602134558027,0.001699432403449816,1.6449819310263007,[48 59 80]
172,0.29882463857862135,0.0009644079947244799,1.6817416324194072,[56 84]
173,0.30827113447987226,0.0015050893939266327,1.8145710402867543,[48 59 82]
174,0.31047855050398165,0.001028990702132476,1.744195157751979,[56 84]
175,0.2918398287440302,0.0009796455350678775,1.7238817229030095,[52 81]
176,0.312583166909433,0.0011456548735916039,1.8198130015182985,[55 80]
177,0.30106219642969967,0.0008781588027820942,1.6987337697621603,[59 88]
178,0.3330272725714087,0.0008445717819406421,1.83439843375809,[63 86]
179,0.3073522781724589,0.0011348318731984567,1.7794975042437364,[59 86]
180,0.29639673878472,0.0009293933061968736,1.7260802354338614,[54 75]
181,0.2760182789136369,0.0013308875861843311,1.5303962173603796,[56 78]
182,0.30732074214815547,0.0007025550364364117,1.7760602793542593,[59 88]
183,0.3009124163688654,0.0015596958479905882,1.7866378565046315,[48 59 82]
184,0.2978889263315498,0.0009589866510894584,1.7300194559182738,[55 82]
185,0.2990970892207614,0.0010438090798698286,1.696649796498971,[56 85]
186,0.33005252602787977,0.001185514353092891,1.9458927311641028,[56 82]
187,0.3016350448580625,0.001080990625122086,1.7206405914216016,[58 86]
188,0.3239166137522998,0.0009153714558633714,1.8875266623422622,[54 75]
189,0.364141356904491,0.003076792935438532,1.7614458151493364,[ 5 14 19 28 49 59 81]
190,0.2875590863011589,0.0010081693369209004,1.6884140561346945,[55 82]
191,0.3223345751031051,0.0012598603797941772,1.854792467266237,[56 81]
192,0.32733957071329195,0.0013173069259540167,1.9123147935824005,[58 81]
193,0.3216607991330265,0.001349453231290081,1.8692813618266173,[56 81]
194,0.3112814666429774,0.001011019891158525,1.83249135308319,[55 81]
195,0.3277312093078631,0.0012703475081934385,1.8839532589126593,[56 82]
196,0.32699818899793853,0.0012911047447341608,1.8987829607345814,[54 75]
197,0.29922418212645036,0.0010991073756074377,1.7125778076316394,[55 78]
198,0.30786260745933025,0.0006993619388219532,1.673786630283052,[59 86]
199,0.2968082703727772,0.0009452399714052459,1.7381278174854973,[55 82]
200,0.32789506319001477,0.0006898210932183656,1.8798100212907982,[59 82]
201,0.3062645754161236,0.0009408229802405355,1.7287015512831378,[55 82]
202,0.3296198969539377,0.0011664595431374867,1.8739502913795576,[54 76]
203,0.30539061047553895,0.0006775052931150704,1.659845041117248,[59 86]
204,0.33183574469773897,0.0012576475638438943,1.9399299493564826,[55 82]
205,0.334615373213803,0.0013790135341127205,1.8085225961594342,[56 80]
206,0.2740798669958538,0.0011599211573071148,1.514487320130702,[56 78]
207,0.29723093243249,0.0010189507751964747,1.7662525332479495,[55 82]
208,0.23187897074249492,0.00037596424933444676,1.5525631291421451,[55]
209,0.33232651362593263,0.0009957678373634347,1.5542566543176712,[ 30  56  85 101]
210,0.2918652465171993,0.0010322889698374156,1.720190128489127,[55 82]
211,0.29745823162489826,0.0009701600445194422,1.7327839920619674,[54 75]
212,0.2808576623785008,0.0007743837108987384,1.4257772030981937,[59 82]
213,0.27816040681132276,0.0012673127732968105,1.513267487505567,[56 82]
214,0.3435175194083088,0.0005425571769644674,1.975593987908074,[59 82]
215,0.29934476673324817,0.0012339001593157056,1.5394956720482524,[59 82]
216,0.28214195337643594,0.001040386435315138,1.644501554433925,[55 84]
217,0.3146329534143928,0.000894953192038081,1.7649188284850603,[59 88]
218,0.2793652253249107,0.0015759217556801449,1.536631141119309,[56 80]
219,0.29198028863560255,0.00088815195513138,1.717427076372679,[55 82]
220,0.3028647862126002,0.0009817820521643068,1.7709624745227264,[54 75]
221,0.28136667185895375,0.00023345504601284822,1.514316710868505,[59 85]
222,0.32114168106744506,0.0011237418158744818,1.8871457275405623,[55 78]
223,0.29330196722309626,0.0009253615416486727,1.7091497136267804,[55 82]
224,0.34402151394329855,0.00030418944839393294,1.9246548931585037,[61 82]
225,0.30789100684673987,0.0007248808168362682,1.7003021732918788,[59 86]
226,0.31878905465217683,0.001505213101881853,1.8668886059220806,[56 80]
227,0.30657284475300606,0.0010187263706608015,1.7782382395995293,[55 81]
228,0.30804909986688755,0.0010357917593931407,1.7768532413780433,[55 82]
229,0.3207784370756181,0.0012191217497024376,1.7906637437935586,[59 85]
230,0.3001132193707533,0.0009352461540493441,1.688418897751167,[54 81]
231,0.2986046059539505,0.00091526406245737,1.72614434340406,[55 81]
232,0.30803993336093966,0.0009602011768466199,1.6963438500679047,[56 84]
233,0.30058396561728395,0.0009691969952711886,1.7026831988912878,[52 80]
234,0.33252715103867503,0.0012249039813054252,1.9758459467805296,[55 80]
235,0.29731336841370204,0.0009730861177187778,1.7467797004152807,[55 84]
236,0.28842833470000445,0.0016125591779921071,1.604594749466407,[49 59 81]
237,0.30929381125745997,0.0015446780834752418,1.7178030297536657,[49 59 80]
238,0.345912648909207,0.0006223678109614104,1.9569995058497671,[59 82]
239,0.37910937352738083,0.0011096035513058758,1.8541007341857554,[56 85]
240,0.3200472616753973,0.0012166265755353654,1.7937124076063116,[56 82]
241,0.32946774166907716,0.0013785101834476242,1.9359755239411556,[56 80]
242,0.31020199852731095,0.000781688980400633,1.5719067390473769,[59 82]
243,0.3292627081186706,0.001646646359006127,1.7015642483503917,[14 29 49 59 82]
244,0.2782482440615363,0.0014485006617791613,1.545470356173506,[56 80]
245,0.31111122423173415,0.0013060437329189057,1.7693207226827856,[55 80]
246,0.31462658145201217,0.001166645525945391,1.796267677307764,[56 85]
247,0.3060988477647585,0.0006732926956540405,1.6937366106577847,[59 81]
248,0.28069562046070035,0.0012614831031173997,1.4806326875506057,[56 82]
249,0.3082067876671622,0.0010503745935831958,1.728170063177028,[56 84]
250,0.29772709510035716,0.0009207882386191528,1.6674459741147085,[55 82]
251,0.32239601327990897,0.0012212330368954704,1.8535342170517737,[59 82]
252,0.3283031465044862,0.0015161123106943288,1.9056142788423798,[59 81]
253,0.2665032147602277,0.001196269202211984,1.4931004081046786,[55 75]
254,0.31086979167732426,0.0004932302184596292,1.6181086174330108,[59 84]
255,0.30721973642605455,0.0010513554285907182,1.7723752346200283,[58 85]
256,0.3052968185434488,0.001004198011225675,1.6832743922943214,[56 85]
257,0.2860242375332616,-0.001453468125629453,1.540620256182284,[ 56  85 131]
258,0.3075076842172059,0.0008732361161572798,1.7295821631014046,[59 88]
259,0.35989046315885115,0.0012897575247682426,1.9966395894994218,[55 82]
260,0.30831013483608505,0.001470861747140661,1.7974479109670525,[56 80]
261,0.25858209637512475,0.0006786580573128565,1.3733968347788075,[54]
262,0.3091866590904483,0.0016705069882607107,1.7306119502682202,[49 59 81]
263,0.28103960068904876,0.0010826922650734587,1.5177535560237072,[55 80]
264,0.3302555658966082,0.0012451976867445711,1.9704833193052391,[55 81]
265,0.2664458522695057,0.0011545931956317658,1.506537840513164,[56 82]
266,0.3172560050344991,0.000856417427414889,1.8116243252265591,[59 88]
267,0.33304905799404516,0.0012448527630247656,1.892715372482975,[56 82]
268,0.3429259480180921,0.0013617532718889869,1.9121514842232537,[58 82]
269,0.2712558253845044,0.0006370749739376023,1.4822911913917063,[54 78]
270,0.32794942600429144,0.0012675908611462833,1.9315829412144654,[55 81]
271,0.30806145454215234,0.001020740027067513,1.7827171444947734,[55 81]
272,0.30803501047960213,0.0014405469919061714,1.8001859845678778,[55 80]
273,0.3135993802977594,0.0010565484518331126,1.7637752690414028,[56 84]
274,0.3020511481410405,0.0010334979274520335,1.7659239655386205,[55 82]
275,0.3324170747219577,0.001551957997734652,1.8845981684404927,[59 82]
276,0.316147135265643,0.0010618635265869406,1.8036345871508173,[54 78]
277,0.28068540583491725,0.0008931956095927466,1.545860165284862,[55 80]
278,0.2879639455929213,0.0016340598864348762,1.5926995512454623,[48 56 80]
279,0.26065637395199037,0.0011636546898052,1.508204349231014,[55 81]
280,0.33409511681223697,0.0014211309537326753,1.9808596613681675,[56 80]
281,0.3349726805572734,0.001289440610827793,1.9739891072761135,[55 80]
282,0.3249079581163933,0.001317153142624065,1.8641715145015474,[58 81]
283,0.32811721882213046,0.00138742257428509,1.867023135747929,[56 81]
284,0.2882783695101876,0.001026865344415923,1.7291574530025082,[55 82]
285,0.3043567032700584,0.0010407025552409712,1.699658964296852,[59 85]
286,0.32158087137280594,0.0014631153082645338,1.8765163798195226,[59 82]
287,0.3202821994232378,0.0009951870095075963,1.7232215391686112,[52 80]
288,0.2980162274433474,0.0012206771123101665,1.7511906426672645,[55 80]
289,0.3423185439791748,0.00042573952010617293,1.94322497002518,[59 82]
290,0.2521539177814935,0.0006850839750877485,1.4648765720845207,[55 81]
291,0.34212879805216134,0.0014754834088034014,1.82073931079962,[ 56  81 131]
292,0.33264248453928824,0.0012988414988877456,1.9819663844142137,[55 80]
293,0.33661004270707096,0.0013628475328476392,1.95429672741594,[58 81]
294,0.29800106696853657,0.0009666703584656211,1.653110145165779,[59 85]
295,0.2770632840473906,0.0009103876859568976,1.6668487668887237,[55 82]
296,0.33088243798583716,0.0012441039799098617,1.9387344256462193,[55 82]
297,0.25534530033587155,0.0008362620112892352,1.3676822932850277,[54]
298,0.2973196031817739,0.0016420192482199244,1.5938438141890587,[49 59 81]
299,0.2987617037329284,0.0009318101050268317,1.6751353575408223,[56 84]
300,0.308743976032918,0.0015908724285216957,1.8169860889108485,[48 59 82]
301,0.31545495539318985,0.0012083380230964104,1.854557669651252,[56 80]
302,0.3308922994496303,0.0014762250180255837,1.92074302359692,[59 82]
303,0.3284944798306678,0.001458912189906185,1.9322918493262558,[59 82]
304,0.3111673032775006,0.0005979922459263096,1.7464064162578876,[51 61 82]
305,0.29438359441697276,0.00146095527259684,1.6083582111171086,[48 59 80]
306,0.3300673846624542,0.0013265452676428301,1.9421836097291152,[56 80]
307,0.2846162686109616,0.0010559463264587922,1.7030872915845583,[55 84]
308,0.33060568724090433,0.00034700772900080426,1.885729991983177,[59 82]
309,0.2921526427426956,0.0011028287107914111,1.7303292722415835,[54 82]
310,0.30476768148631384,0.0010315771738773048,1.7931737715632288,[55 82]
311,0.31523838652257535,0.0010302060891127544,1.841444433158308,[55 81]
312,0.2794140437080013,0.001480578812475975,1.528834186844386,[56 78]
313,0.29950638391588097,0.0009350984191972209,1.7294778687983694,[55 82]
314,0.3273360761276688,0.0014584354126775596,1.8972023081765539,[59 81]
315,0.294890269837541,0.0015743767794422982,1.6361555290937697,[49 59 81]
316,0.3061586038936559,0.0006602215414185838,1.6655506189970035,[59 86]
317,0.3179723648193279,0.0012483259214992263,1.8201227555338062,[55 78]
318,0.3170271093006572,0.0012500484565486118,1.8552684490401603,[59 82]
319,0.3048998639825811,0.001035517953815299,1.6814478638768422,[58 85]
320,0.30040131392721336,0.0016974705699550913,1.6349586550429163,[48 59 80]
321,0.2933684894777629,0.0007875484281937948,1.7034227873991594,[55 78]
322,0.3007106867281291,0.0010076937637408486,1.6550602133974648,[59 85]
323,0.29595768317808446,0.0010271697461130957,1.7363435819491833,[52 81]
324,0.32428778076750603,0.0012370449081533176,1.6399660621732535,[56 80]
325,0.32611980556362236,0.0017023168557485202,1.7415762472703387,[51 61 85]
326,0.2919652035110138,0.0017012591100880375,1.6547970108595398,[49 59 81]
327,0.3029747940426861,0.001435095766504297,1.781581059897858,[56 80]
328,0.3121207138121606,0.0011426362097713605,1.7972343848711843,[59 86]
329,0.32708391314071517,0.0011897001537352731,1.904012828371462,[56 82]
330,0.31783904987747497,0.001216635571116725,1.8352217431502398,[56 82]
331,0.3352341295225737,0.0014174413056625345,1.9826448413238889,[56 80]
332,0.30705896760463053,0.0010369698793594086,1.7843355848779985,[55 82]
333,0.3422648475868209,0.000384108753128032,1.9466635312586482,[59 82]
334,0.33089266421536967,0.001395633273059787,1.9266418218788501,[58 81]
335,0.3241619682470553,0.0010452698233140655,1.7846957300608395,[56 84]
336,0.3195171164429382,0.001054581798372832,1.836567015408461,[55 78]
337,0.31532995522834045,0.0010691099060015556,1.8492434271905331,[55 80]
338,0.29019592984529774,0.0009850253831789563,1.727071138341652,[55 82]
339,0.33504309840038154,0.0012662833582450011,1.9162637908274127,[56 82]
340,0.3285351016574694,0.001469323837772822,1.925511612001281,[59 82]
341,0.2930398534228278,0.00142613525837274,1.5823177231283014,[56 82]
342,0.301103234944703,0.0010204254971273247,1.6745538724772921,[59 85]
343,0.33599328068930806,0.0018406486489148082,1.9050782363288934,[14 29 48 59 82]
344,0.30103387074980476,0.0015611233991754416,1.6596902602702213,[49 59 81]
345,0.31843827316575113,0.0006156131318057758,1.8539060106064746,[59 88]
346,0.2886830373613842,0.0006314093994191541,1.6185301451896599,[59 84]
347,0.31906883424823945,0.0011941871184035146,1.896100526729731,[55 80]
348,0.3392609266551161,0.0013389121943773947,1.9731305977195874,[56 80]
349,0.26071896802257816,0.0010084516340996895,1.4610921882147063,[56 82]
350,0.32551372924537,0.0012194874484154192,1.911938109441547,[55 82]
351,0.2564333283491238,0.0007044133309518227,1.4338754498815962,[54]
352,0.3127353027714483,0.0007749472957797936,1.7941409792547804,[59 88]
353,0.33340037807390244,0.00034297602696924123,1.5983913303821464,[ 59  84 131]
354,0.2960112857340254,0.0010484854417096294,1.7383218391084836,[56 85]
355,0.3067956412521842,0.00036429461699823254,1.685937817842023,[61 82]
356,0.310258373802796,0.0007763765832132122,1.7891907392808042,[59 88]
357,0.287572270637893,0.0012485924298844763,1.668334455138483,[55 78]
358,0.2900743767244664,0.0010457894140810454,1.6674634484403201,[52 81]
359,0.3111656337065494,0.001013993601218043,1.7747864573339274,[55 82]
360,0.3243298006848071,0.0012978265664381837,1.9019057627719749,[59 82]
361,0.2988979228825206,0.0009685698105614926,1.7261321918568384,[55 82]
362,0.3484473290520843,0.0007134169544109941,1.974600231929573,[59 82]
363,0.3568316250860386,0.0015344014640051105,1.9392892504719486,[56 81]
364,0.27345961596164586,0.0013126478527061354,1.5445673154575301,[59 82]
365,0.3358579668605935,0.0010165355118020014,1.9510882165881698,[59 82]
366,0.33268936586939396,0.0014688310721214523,1.9287840707925452,[59 81]
367,0.302624983870738,0.001368505807459827,1.765158509249665,[55 80]
368,0.30016248982029925,0.0007161175105928839,1.5760701536318327,[59 85]
369,0.30733638541784836,0.0012041546611116223,1.7949667247414607,[55 80]
370,0.3291511947923124,0.001228209511961888,1.8819848669559156,[56 82]
371,0.264207788857723,0.0012827330260637615,1.4845405885883298,[55 75]
372,0.28319254167884716,0.0004915889506526418,1.5371149211550525,[59 85]
373,0.30996196843635454,0.0009785425694277502,1.7356579330248785,[56 84]
374,0.3003509150307096,0.0014182702813443139,1.7537707750074296,[55 80]
375,0.307850634508228,0.0010123181893284467,1.801927208594116,[55 81]
376,0.2988566025774868,0.0006373566883350094,1.6186277084287877,[59 86]
377,0.2944387257686396,0.0014933976934286537,1.5934287323203034,[58 80]
378,0.33144791117180006,0.001239526165823758,1.9324759038129917,[56 82]
379,0.3354690590249146,0.001264749164540387,1.923232360316042,[56 82]
380,0.30976763707474925,0.001046299579579011,1.8310533791350754,[55 81]
381,0.2975498514926759,0.0009215143472716682,1.6992599013544554,[55 82]
382,0.3174892262886027,0.0010571972179363568,1.7593265826893683,[56 84]
383,0.3133740936588487,0.0016206480571166054,1.810288919403805,[47 56 81]
384,0.3230660791137373,0.0014133685589200506,1.8659251190929933,[59 82]
385,0.3295196608573788,0.0013679551001191895,1.8685748316073654,[59 85]
386,0.2914410462292044,0.0008751576392277669,1.5691707925306932,[56 85]
387,0.3228870012003298,0.0014649055742301951,1.8623749281904538,[59 81]
388,0.3473254462158324,0.0013019594312087806,1.9728305453418078,[54 80]
389,0.29758937885193076,0.0012346075574489427,1.5035840839025507,[ 56  82 130]
390,0.3481347545665422,0.00031914154755283646,1.9611718495320996,[59 82]
391,0.3061387443453674,0.0009645117913743258,1.721972192874721,[56 82]
392,0.3206325117296094,0.0011582048509781336,1.849843758082622,[56 85]
393,0.3130605316560418,0.0010838894112813137,1.7736235289326894,[56 84]
394,0.3059943941744695,0.001034871154894416,1.7896772507000116,[55 82]
395,0.2779368300602812,0.0009710008985346014,1.6762813739006932,[55 82]
396,0.26519919081175153,0.0008954548887720071,1.4699431878114462,[55 80]
397,0.2949021872855907,0.0009341941415226091,1.6359351521157506,[56 85]
398,0.33628125973424194,0.0006878098952173765,1.9162315305801176,[59 82]
399,0.3049363159758827,0.0010161345237447365,1.6742675398102609,[58 85]
400,0.3022177887845852,0.0009229232124374376,1.7027216812003438,[55 82]
401,0.27584735128316246,0.0011292254387398227,1.5144165632869795,[58 82]
402,0.32782954638289724,0.0012982204366728987,1.9271403269122547,[59 82]
403,0.30727762522680835,0.0010165341637426069,1.7936574782722268,[55 82]
404,0.37968860836777407,0.0008869349105634669,1.7053122799998661,[43 55 80]
405,0.3247266523926951,0.0012833768461822442,1.8150834441155035,[56 82]
406,0.3044305941595846,0.0010148772895525943,1.7891628322836164,[55 81]
407,0.3344787046786277,0.0012711167667944986,1.9325652947551806,[56 81]
408,0.29498384738491706,0.000941615727883528,1.7220789771946006,[55 81]
409,0.2593797986942845,0.0006900969044221624,1.400275962796522,[55]
410,0.32823395617791284,0.0011876332555956239,1.9466241254720411,[59 82]
411,0.29479552355292826,0.0009562674042395169,1.7174972580675791,[55 82]
412,0.29970408703453244,0.001055584782361188,1.7518272008925506,[54 75]
413,0.3906850153245786,-0.0015690940872979775,1.8211330494388331,[ 30  45  58  68  81 124]
414,0.28788621200677983,0.001174259729060598,1.505166309170001,[55 75]
415,0.2933616427394892,0.001024781569499763,1.748978597594558,[55 84]
416,0.293637069970186,0.0008990547912553155,1.6203382094849743,[56 85]
417,0.32440983976150484,0.0015177653736496448,1.802850337458274,[61 82]
418,0.3347680886904817,0.001261413521689106,1.9772627330269934,[55 82]
419,0.29934148895681406,0.0014348557159637703,1.6497729162914365,[48 58 82]
420,0.32410047482497994,0.0010880791594963034,1.9112544085125616,[55 78]
421,0.27595139576986333,0.0015113805396127608,1.5209403097084757,[56 80]
422,0.2922989522220295,0.001031086435955357,1.7315606545582756,[56 84]
423,0.32534799813483906,0.0014583512163780584,1.8816087625333013,[58 81]
424,0.2964769822454046,0.0017137428326847656,1.667560054529395,[49 59 81]
425,0.2596736021226536,0.000908693386343345,1.5091367500693802,[55 81]
426,0.261811709753651,0.0009886186905705776,1.4916546386657532,[56 81]
427,0.3218756390149625,0.0005288841838482645,1.6803501312497797,[59 86]
428,0.3048435995446734,0.0010022459658453565,1.6406824801492583,[59 85]
429,0.3101247858891317,0.0012386446050938764,1.8016154727069547,[55 80]
430,0.32465826021339617,0.001291185529170535,1.8854505429759079,[56 82]
431,0.27898292513637324,0.000949325124207603,1.6775814258859811,[55 82]
432,0.2699386119963206,0.0006604502627551074,1.4555787585932929,[56 81]
433,0.32084429282162563,0.001104400645753284,1.8188380057090403,[58 86]
434,0.3164389362838303,0.0009680890009803782,1.8233103627202132,[54 75]
435,0.30335580442917454,0.0009073383110810443,1.727757894201118,[54 81]
436,0.2954500614267018,0.0009129549148330791,1.701759740260968,[54 81]
437,0.3299981357147072,0.00075327983221784,1.8072140389885099,[61 86]
438,0.3006191519141543,0.0009697665775228452,1.7301629549783637,[55 82]
439,0.3253358071931532,0.0011552546490462814,1.8158572909907496,[56 82]
440,0.2980866643989045,0.0010460887039977736,1.7537046869623267,[55 80]
441,0.30159645711704025,0.001420689736454801,1.6760107479304338,[49 59 81]
442,0.29764750608908563,0.001371033962230174,1.7546284069600477,[55 78]
443,0.27585742272581176,0.001147035848774212,1.5344930981298437,[56 78]
444,0.33174339495888927,0.0011510330691709638,1.9237928545759018,[59 82]
445,0.26550418196622194,0.0011130476899067422,1.502869062507728,[55 81]
446,0.294905010388961,0.0008879503549042084,1.6416377232672712,[56 85]
447,0.2870309966924311,0.0014911930339583357,1.5741490302550198,[56 78]
448,0.2876083896012149,0.00154656211977275,1.6754801720997188,[47 56 80]
449,0.277199450585264,0.0006827531719280513,1.3869347076477814,[55]
450,0.30254631283649636,0.0011996292461753883,1.7604165343498295,[55 78]
451,0.29597639150908944,0.0009243976422199957,1.7011191817633013,[55 82]
452,0.328977020111781,0.0007774297037219116,1.7903877976004525,[63 86]
453,0.316355825647278,0.0010757895204554012,1.834141998077854,[54 75]
454,0.3038175831856717,0.0009332035373922372,1.7233501203644344,[52 80]
455,0.3006924739729949,0.0009574425913690043,1.769021507341655,[55 82]
456,0.29432527262295044,0.00099961877981641,1.7385239415103761,[56 84]
457,0.3373892534731353,0.001337897619010917,1.9660869971644106,[58 81]
458,0.3065104757595971,0.0006882043865713471,1.654550464746543,[59 86]
459,0.29767888445788665,0.00163321586826351,1.6578439453891436,[49 59 81]
460,0.3534953314505181,0.00029515377919723314,1.9763635468633116,[61 82]
461,0.29526292743695304,0.000885871150297525,1.6015238335291542,[56 85]
462,0.33137809107681243,0.00127303646748512,1.8482640708964313,[59 82]
463,0.31059938711669816,0.0010338203064951057,1.7415635107936815,[56 84]
464,0.31297525502558066,0.0010807857750019005,1.7633754105534662,[55 84]
465,0.2846264072735804,0.0009724639388871267,1.6986596561439455,[55 82]
466,0.31006594054566433,0.0011729842010172007,1.8317839063973036,[55 80]
467,0.3391440509715991,0.0013659278056652512,1.9440344332149238,[56 80]
468,0.2774536157530045,0.0012823955744623616,1.5194660228846608,[56 78]
469,0.33032938421666225,0.0015212623087710949,1.8977460274910305,[58 81]
470,0.32519038955604096,0.0011289053596723686,1.8780253640115712,[54 75]
471,0.31248892018573876,0.0007878574054361533,1.815455573002409,[59 88]
472,0.31035070563086,0.0011527186416898747,1.8230390645478973,[55 80]
473,0.32596852501131485,0.0010208891135755173,1.901729279464,[55 78]
474,0.28624678482289795,0.0015525343266923962,1.6728896440766365,[47 56 81]
475,0.3361982771274348,0.0013805563367343392,1.951681574510415,[58 81]
476,0.34220654078114965,0.0012198777757595142,1.8351901564086153,[54 75]
477,0.2935962124564274,0.001390155677487619,1.6219047382009646,[49 59 82]
478,0.33030366088650986,0.001255740745985721,1.8716458381777645,[59 85]
479,0.2909002730253769,0.0012143206487294526,1.5770920240345294,[56 82]
480,0.33661093563518474,0.0012164596018181045,1.9307084960265544,[55 80]
481,0.29473561651465763,0.0014853270861711506,1.7379194654042918,[47 56 81]
482,0.2848650878006958,0.0009479048668640762,1.7262519770543094,[55 82]
483,0.34174043782377117,0.0014180860251378805,1.988792081544187,[56 81]
484,0.27497759556825685,0.0014074594940320239,1.5052515784435685,[56 80]
485,0.29921943713358384,0.0012545983103833408,1.7444029009284625,[55 80]
486,0.2795104137868431,0.0011802759690521488,1.5068645153859785,[47 56 81]
487,0.305238917229764,0.0006721708789982979,1.6918454297508274,[59 85]
488,0.28711241362466544,0.0009720693606553077,1.697639409707116,[55 82]
489,0.3608587079058242,0.0012151811019814258,1.8054850487322722,[56 84]
490,0.37258166640655277,0.0012769173843100437,1.7765104372205482,[56 82]
491,0.27470769317176197,0.0009281892284741777,1.5954351866673788,[52 81]
492,0.33861146408559606,0.0011086113774195834,1.8330965885043407,[56 84]
493,0.2892805011628528,0.0011824977343838135,1.6891230308019038,[55 78]
494,0.32231899926815394,0.0012513204459993594,1.8640538992025186,[55 82]
495,0.3037613561204258,0.0010869550274884628,1.561613101700941,[59 84]
496,0.3083437422221291,0.0010021997396887476,1.7248858870228827,[56 84]
497,0.3271190590328394,0.0013309279060830647,1.900478828534169,[58 81]
498,0.2504897673329578,0.000810761446734442,1.4074279991302605,[55]
499,0.2795016253611174,0.0009175431869280134,1.55197199086278,[54 75]
500,0.31850487432973595,0.001103593151210131,1.8079968808628015,[58 85]
501,0.2930153724633552,0.0013405223306811977,1.5203823503370573,[56 81]
502,0.2858796333400968,0.0012379084172156423,1.5348209640952595,[59 82]
503,0.29835002398708166,0.000959760160801886,1.719734471447836,[55 81]
504,0.2984107748295432,0.0009596161329354057,1.7479188182206067,[55 82]
505,0.3380907478254303,0.0013143750913355426,1.8668734231959134,[59 84]
506,0.30297146703490385,0.0009680489934439182,1.770162855534516,[55 82]
507,0.2857633824019301,0.0009817063501203075,1.7119430589622044,[54 82]
508,0.30725260817196226,0.0010321290934326576,1.8031174986954788,[55 82]
509,0.3387470758671938,0.0013960274777740636,1.9989107740608711,[56 80]
510,0.2839560483769678,0.0006528852474376517,1.4708486012706574,[52]
511,0.3040533808268916,0.0006688243368035443,1.671705820269268,[59 86]
512,0.29494277381510126,0.0009585384527429463,1.627379902567447,[56 85]
513,0.2876093344117857,0.0015032141889806856,1.5824465525194085,[48 56 80]
514,0.2919934759302522,0.000955781385525623,1.6837227886040658,[55 82]
515,0.29054643939652697,0.0013077498146778642,1.7012234900349048,[55 78]
516,0.3006131861004269,0.001674462343438621,1.644229231223592,[48 58 80]
517,0.31249935191898054,0.001179953339357903,1.8513965024329897,[55 80]
518,0.29717279581821254,0.0009216243867111263,1.6856944977574004,[54 80]
519,0.31505096576520425,0.0008435591549340544,1.8211546928388214,[59 88]
520,0.29493143812562767,0.0015974769447279068,1.4748890278673856,[47 86]
521,0.2888828789456695,0.0011218697747130719,1.6561193685991369,[52 63 85]
522,0.3251894254598359,0.0011818264512125014,1.816794124734298,[59 85]
523,0.2993963283773968,0.0009363914679710472,1.6761077136029248,[55 84]
524,0.3579734958574789,0.0014931457598237074,1.9522466087531078,[29 37 45 55 80]
525,0.2949982277373098,0.0009327510828490963,1.6911114182152165,[55 81]
526,0.30097825617539814,0.0015804051744169683,1.6593906189519045,[48 56 80]
527,0.30853209942026033,0.001031564223789451,1.8259959705703026,[55 81]
528,0.25680199028740874,0.0005381799457604254,1.4491064343159947,[54]
529,0.3013166135109528,0.0009573136761272585,1.668949034839173,[56 85]
530,0.29032604494088976,0.0009096248752818603,1.592665010000121,[59 85]
531,0.296866158602708,0.0009337071276350575,1.6261660198667016,[59 85]
532,0.32446500074914575,0.0013231120334353326,1.8689335126615096,[56 81]
533,0.31989105169334026,0.0015920964474919516,1.7695211856426936,[50 61 82]
534,0.30042362682328216,0.0003013047291214601,1.7156591046798364,[63 82]
535,0.28883191932733115,0.0006461570273332651,1.6529486046121349,[56 82]
536,0.3153459707005559,0.0006228351800940837,1.7682022092048681,[59 88]
537,0.2941114756587622,0.0009665653403370348,1.7026881942613068,[55 75]
538,0.27737708987238796,0.0012242608136211368,1.589968451837819,[58 82]
539,0.29856544194301915,0.0009636036966897789,1.7237096137908183,[55 82]
540,0.29532735914092884,0.0015667352818725855,1.6552775439483634,[49 59 80]
541,0.28726028483872995,0.0011931287260234322,1.6942787996935609,[55 78]
542,0.29807853872018936,0.0008920209461964959,1.580761824415258,[56 78]
543,0.28206271685549444,0.0010472881748814185,1.708269637653854,[55 82]
544,0.2988696471798567,0.0009238483198630586,1.7336559917604186,[54 81]
545,0.26337498657997716,0.0008678740129248302,1.4761413667498033,[56 82]
546,0.26755845807553985,0.0007483256564708967,1.5893994461009444,[55 80]
547,0.37174531039009284,0.00131940865924716,1.8447634588324562,[30 56 82]
548,0.26885327735413084,0.0009623237728407069,1.51129345276391,[54 75]
549,0.3354896053437266,0.0012983388759440079,1.9181957807241317,[56 82]
550,0.27886019752631547,0.0013283626748794093,1.5981784775622345,[56 82]
551,0.33190553307269116,0.0012464061198694156,1.83087913519579,[49 59 82]
552,0.26378769617645537,0.00107652365175152,1.4713895498841973,[55 75]
553,0.16961584607218963,0.0017317026394892915,1.3763955451613212,[]
554,0.29428951293472294,0.001628423593549306,1.6238281530573901,[61 82]
555,0.31042785031853604,0.0014217655437697338,1.816535027682112,[55 80]
556,0.3331738685941055,0.0012530222592579928,1.9814462233630667,[55 82]
557,0.2982639330529225,0.0015900802361844394,1.7472058801336643,[47 58 81]
558,0.32867843632637733,0.0011823701571134113,1.842756521274622,[59 85]
559,0.31323911745466637,0.0012416801828839567,1.8392147999962771,[56 80]
560,0.29562667682570043,0.0009233683620320132,1.682894430778822,[54 81]
561,0.28969719157956825,0.0008881441813708091,1.6186393355047288,[55 84]
562,0.2638258695194522,0.0009906723212031183,1.539410556098652,[55 75]
563,0.315468155989089,0.0009390403418591815,1.7631713891348868,[59 86]
564,0.3225459421415582,0.0013941430169128624,1.8929658018459286,[59 82]
565,0.2632688730202652,0.0011585708735121283,1.488507547938697,[55 75]
566,0.29419347786270655,0.0009921831839920154,1.7249685354372994,[54 82]
567,0.31465178397472016,0.0010238712019347979,1.7684749728704756,[55 82]
568,0.2606628505847483,0.0006904493303588932,1.4624303861137773,[55 81]
569,0.3082636799381539,0.0009845615212746859,1.7735670546306692,[55 81]
570,0.3460990535541054,0.0004982757565296182,1.9602096846831967,[59 82]
571,0.2960155250057552,0.0009666433017827972,1.7222909069866477,[55 82]
572,0.26976872931748735,0.0010728415596380316,1.5299241126529046,[56 82]
573,0.3026468448918475,0.0009954093374855602,1.6900366042441746,[59 85]
574,0.268002682036581,0.0013921943693981015,1.5006615848478884,[55 78]
575,0.3490445791024871,0.001399100851578113,1.9295053026779572,[56 81]
576,0.270317713841316,0.0010851031947150965,1.526373742741874,[59 84]
577,0.38794750314878823,-0.001936202881180377,1.9284484039319874,[ 58  70  82 123]
578,0.26338930550390804,0.0009539663540850572,1.5117232721737608,[55 81]
579,0.2603931674550453,0.0011732737604717327,1.546385120522269,[55 80]
580,0.27617821637467876,0.0014718374976089286,1.6077373754189306,[46 56 80]
581,0.25583806096259043,0.0007370135294292386,1.4776289089798575,[55 80]
582,0.3014787309347925,0.0016435246941844705,1.7044735429552276,[49 59 81]
583,0.3112105953090644,0.0008662714966448782,1.8190619203595237,[54 75]
584,0.27132546806211055,0.0012072563516631427,1.5449194704732476,[56 81]
585,0.3404086429155262,0.0004935839813051554,1.9682247240450654,[59 82]
586,0.26538828569287404,0.0007073454045891542,1.5099772020535775,[54 80]
587,0.3210650314276526,0.0012259828218938807,1.854821636127063,[56 82]
588,0.28780955110870393,0.0009756351763050131,1.7115539588609159,[55 84]
589,0.30965084251669694,0.0009669633802825342,1.7820876994781862,[52 80]
590,0.29464387547163656,0.0016878774663826957,1.6561729929805475,[49 59 81]
591,0.29749462327068416,0.0006243583810325294,1.6027588335655683,[59 86]
592,0.3309430418985241,0.0012485157315618477,1.8764126034759476,[59 85]
593,0.32924441171324026,0.0012546973668300968,1.9350801731794216,[55 81]
594,0.2778380177851399,0.00131319320840122,1.576508182576118,[58 82]
595,0.2995365683998424,0.0012719283633395213,1.5621209266685914,[56 82]
596,0.31627056346320065,0.001104026668044579,1.8249948511068197,[54 78]
597,0.3012474817432133,0.0015143854270391766,1.6808482719403046,[61 82]
598,0.382099049407376,0.001500788204891532,1.6870680731960066,[ 59  85 130]
599,0.30870480094096486,0.0016049104207481702,1.686820643579427,[59 81]
600,0.2989902935117765,0.0010353261303796676,1.7233900874675732,[56 85]
601,0.3563653069240337,0.0005531629620571496,1.8648462713457419,[14 59 88]
602,0.35471391682255743,0.00029642347083345445,1.9932929344210613,[59 82]
603,0.33224543203827733,0.0001278958467688821,1.8216049914672006,[59 82]
604,0.2932824415121864,0.0005848981443530377,1.6065163649525729,[59 86]
605,0.2984187873155051,0.0008980265464933615,1.6690079709208108,[55 84]
606,0.3106167855957564,0.001612836562771354,1.7590572784099843,[49 59 82]
607,0.36547600518470585,0.00035282437585709925,1.9622091435606612,[30 59 82]
608,0.2898345482999452,0.0009874152118674432,1.7160248727201444,[55 82]
609,0.32793495605462564,0.0012919067596626078,1.9529337960154007,[56 80]
610,0.3267170312253384,0.0014888233828020913,1.8822977205033171,[58 81]
611,0.2951475825854448,0.0010454651725616086,1.720598494040615,[52 81]
612,0.3068852423954561,0.0015456967033450647,1.8311256595652494,[48 59 82]
613,0.33155308301786696,0.001262182601731906,1.97319775114107,[55 80]
614,0.30394498763394806,0.0010737835815738802,1.7674816728423086,[56 85]
615,0.3063081055762055,0.0010336477942169506,1.692295618289069,[58 85]
616,0.2698087488507796,0.0006332379754757779,1.4950978792680247,[55 80]
617,0.3162970729651573,0.0011163567374219323,1.4988714032041084,[55 80]
618,0.25417736782221856,0.0008035342395642989,1.4453787608857822,[55 81]
619,0.2909967922292913,0.0009361478318296186,1.5772639236818247,[59 85]
620,0.3210346231694756,0.0014081928782491001,1.8020997480970675,[59 86]
621,0.3271053763352316,0.0013031915852705542,1.9160057189837825,[56 81]
622,0.277086483837519,0.001056946506073066,1.5597479158630891,[56 78]
623,0.31019444273848,0.0014336295424441092,1.5569336520564907,[59 82]
624,0.33558426599256214,0.001256535420494328,1.9920678819476438,[55 80]
625,0.32727984466292454,0.0008464067044782602,1.7970035244294373,[61 86]
626,0.29152070130401353,0.0008752827273857296,1.6770357827188498,[55 82]
627,0.30833283743298007,0.0010513867188292369,1.7921770882459012,[55 81]
628,0.28436476442896635,0.0012987954818507253,1.6061808341119401,[56 82]
629,0.2944349775510974,0.0009600502820659207,1.7704369303519405,[55 82]
630,0.324515850879051,0.0012307531001566456,1.9342867552127525,[55 81]
631,0.2693789669245294,0.0008918233709515255,1.595162812571099,[55 82]
632,0.3279848961734223,0.0008173914241634386,1.8111354023177473,[63 86]
633,0.31419594333021156,0.0008087672357671885,1.8089760993150943,[59 88]
634,0.3408292974036762,0.0007963928708965819,1.8653865512329486,[63 86]
635,0.297008226664861,0.0006151499253794863,1.6228838077069496,[59 86]
636,0.336577212086206,0.0012286800223301221,1.8485215664392567,[56 84]
637,0.27254314180434447,0.0017801079308649112,1.591838863354116,[55 81]
638,0.32174469460142974,0.0004504553976690214,1.8758701627902288,[59 82]
639,0.3251702807999653,0.0012127002224754416,1.8857117799284446,[56 82]
640,0.31693965934941465,0.001086899815493087,1.8657827964728302,[55 78]
641,0.31496780128145446,0.0010157371983642036,1.8275841630223382,[54 75]
642,0.25485146011333604,0.001092620606041509,1.4725936941103437,[55 81]
643,0.3125002527962444,0.0010060192015503974,1.7956405359364047,[30 53 64 85]
644,0.29359404996363164,0.0009401088789610132,1.6946984507348501,[55 81]
645,0.32047968732130655,0.0012032740097923152,1.5239044777684119,[ 56  82 130]
646,0.29748807319928594,0.001285511501645954,1.709110507422158,[55 80]
647,0.3361886552764528,0.0013007292643028652,1.9882582602331071,[55 80]
648,0.26654246854958175,0.0006402575979868566,1.5188895736102466,[54 80]
649,0.30239854708547004,0.0008269250876792726,1.7161743851978297,[54 78]
650,0.2635464493158475,0.0006765254405288898,1.4951995624146577,[55 80]
651,0.2932053046726205,0.001099596255850983,1.7294333968052147,[55 78]
652,0.30856008573721927,0.0011017039787449715,1.7519792885209662,[56 85]
653,0.2936091424068835,0.0009878479987440196,1.6276660189871577,[59 82]
654,0.2784003489282487,0.0009638056032973269,1.6582424686392836,[55 82]
655,0.30684593364034174,0.0010133817330791484,1.8090705504255111,[55 81]
656,0.32918902643705483,0.00047537726928641145,1.9026854547822853,[59 82]
657,0.3202560446984748,0.0011821247837252714,1.8969394902014016,[55 78]
658,0.3262590134822988,0.0008577873685217845,1.783694025088964,[61 86]
659,0.3009158198467944,0.0009304982742674437,1.687803779821091,[55 84]
660,0.29235337782872,0.0009157837748375734,1.673565763872812,[55 81]
661,0.2872405063366313,0.0014072509900502337,1.5747259427974902,[56 78]
662,0.273558634975191,0.001223528914333714,1.5152940782466344,[55 78]
663,0.3374575457917473,0.001528873088756758,1.9571782152849941,[59 81]
664,0.30194754313122835,0.0008217999478605797,1.679210870963972,[50 59 81]
665,0.29974510447979924,0.0009566401334175997,1.6843281627950941,[56 84]
666,0.3195443560131373,0.0012540266798554925,1.77851671727499,[59 86]
667,0.2976797632139697,0.0009011588180134868,1.6593651471132043,[55 84]
668,0.32778403484558605,0.0013723119212841843,1.923130497745692,[56 81]
669,0.2877294394412355,0.0014441869956688844,1.5937892758730081,[47 56 80]
670,0.3517443109342302,0.0005453678328749013,1.9943892072523224,[59 82]
671,0.2953180757697999,0.001179920154156977,1.7151981406939458,[55 78]
672,0.304610897500854,0.001019079359443641,1.7878893335468473,[55 82]
673,0.2663751071123238,0.0012227132937889906,1.5654782994833911,[55 81]
674,0.31619303510328334,0.001639769935585607,1.7901931030374938,[47 58 81]
675,0.32408234834275096,0.0012114265100191483,1.857032543262976,[55 81]
676,0.2717448237375035,0.0009590638544263364,1.4933663888201343,[55 75]
677,0.29694631475001193,0.0010469614088977083,1.7471291107544835,[56 85]
678,0.3261751096101174,-0.0007776395876714808,1.5421703168054255,[ 55  80 101]
679,0.26867089650876746,0.0011961466724215788,1.5125379899793399,[56 82]
680,0.33616373457814486,0.0014268993260965128,1.9903776931616017,[56 81]
681,0.2966757252105138,0.0009190877723961874,1.735683901914328,[55 82]
682,0.30504531080851266,0.0015709230399832098,1.7425579813782532,[58 86]
683,0.3060126658014307,0.0007110909315595844,1.685483705321626,[59 86]
684,0.2902931878441404,0.0010588136211975437,1.7201871797192174,[56 85]
685,0.30985456889687857,0.0009522496711726589,1.7577686287689676,[54 75]
686,0.25529357868835406,0.0005935680362976026,1.4819708545808616,[55 80]
687,0.3079547752012085,0.0010320240634936473,1.819299642439557,[55 82]
688,0.2897793382832558,0.0009651762671464469,1.7242747424091198,[55 84]
689,0.24864833993034718,0.000671760233587643,1.404981952122699,[55]
690,0.2991406493791144,0.0009191136565610829,1.7020560071270066,[54 81]
691,0.3154064178557981,0.001312833627853108,1.8769229497273305,[55 80]
692,0.3287591822763233,0.0012792362109293525,1.9404488604423773,[55 82]
693,0.276827278794884,0.0012083741551188383,1.5561151000911826,[56 82]
694,0.31655316408265083,0.0008404910073795251,1.7926415134723768,[59 86]
695,0.30606554953486986,0.0007244499667738525,1.6596407251011187,[59 86]
696,0.31116198114202,0.0013389979172952673,1.8516847180873957,[55 80]
697,0.2977750630155331,0.0015139378325721908,1.697934334907965,[46 56 80]
698,0.3489684649305118,0.0016969936591787278,1.820426467198101,[14 29 50 61 82]
699,0.3171658480714957,0.0010602989990399262,1.7856538925045122,[56 84]
700,0.3337327849444843,0.0012749233813351963,1.9952859312729414,[55 81]
701,0.2819686578440878,0.001357455643556801,1.5438861825429853,[46 55 75]
702,0.304892873088305,0.0010516679571059202,1.7737079971234788,[55 82]
703,0.34228585189130756,0.00039601217163059895,1.9397186278847447,[59 82]
704,0.29681441276335796,0.0009577206414686206,1.7049811948588123,[54 81]
705,0.34068372714898565,0.00039867268529334836,1.945220939814356,[59 82]
706,0.3250384729386905,0.0011795495587180376,1.8321520923670036,[56 82]
707,0.2622000839534064,0.0011344704971735177,1.453253989445619,[55 78]
708,0.3139421006295449,0.00143303682862748,1.8346232037692034,[56 80]
709,0.29969975432418383,0.000988485004019569,1.530080359506183,[59 85]
710,0.3283207023384492,0.0012485735043765373,1.8511592360734865,[59 85]
711,0.26383684764924153,0.0008259033382009164,1.5226770773864384,[55 80]
712,0.30836104679822024,0.001269107850175713,1.767008735119438,[55 78]
713,0.3026884100539942,0.0009815142725797346,1.6749591605747378,[59 85]
714,0.3060785971218655,0.001015762693666879,1.8078609266570713,[55 82]
715,0.2902381824901331,0.000941675413576155,1.6883623756314994,[55 82]
716,0.3304672444928557,0.0015574267675942215,1.7538169428852983,[14 29 49 59 82]
717,0.281698152671421,0.0009950174920766873,1.6887329495226084,[54 82]
718,0.3085729244508888,0.0010206105309946076,1.7156262424602602,[58 85]
719,0.2980155427788774,0.0009431024877175368,1.6754138142270723,[56 84]
720,0.2934872107491823,0.0012708826354323334,1.7194995153509012,[55 78]
721,0.28841788613564995,0.0014517726637620007,1.6804344317945263,[47 56 80]
722,0.33657897367655193,0.0013036528850218216,1.9870346509459682,[55 80]
723,0.26144875218034,0.0010331622626260572,1.5063807571832977,[55 75]
724,0.3095372187298417,0.001711764656991754,1.843667760177007,[49 59 82]
725,0.289977384529162,0.0010021183099758585,1.7187902179441177,[55 84]
726,0.3228233091128776,0.001161458668352924,1.8817930546992878,[55 81]
727,0.3290795279507726,0.0013955143929775444,1.8438002135459532,[56 80]
728,0.32740544975415714,0.0011720161543040607,1.8485200311338963,[59 85]
729,0.2870561878394165,0.0015264197362936257,1.550391001839697,[59 81]
730,0.2930771473694162,0.0010196439476887111,1.6659306615380869,[55 84]
731,0.3260935184972722,0.001317674317319639,1.8155465193877625,[59 84]
732,0.2998831383808549,0.0011852086068531325,1.7227042379388333,[55 78]
733,0.3045114945534397,0.001175829270831275,1.6538174917682462,[51 63 85]
734,0.29532274174378825,0.000655486927821258,1.6134096006523682,[59 86]
735,0.32029770325928053,0.0014955017111119378,1.8536262020461571,[56 81]
736,0.31915798647577814,0.001327853778244612,1.8669307928948826,[56 80]
737,0.304010512181789,0.0010205844563430288,1.6870452010448083,[59 85]
738,0.2600097679881882,0.0007552920646550156,1.4193506807034426,[55 80]
739,0.3351449858136416,0.0012909607399475543,1.983870741259215,[55 80]
740,0.29343950846711786,0.0009401432447258926,1.6247163055838367,[56 85]
741,0.3297085105512517,0.0011891965882925625,1.9510750021921885,[55 82]
742,0.30228734683633174,0.0010273365085989657,1.7595424123952974,[55 82]
743,0.33988081614808097,0.0013990366207055527,1.9435204135260404,[59 82]
744,0.32208799603928095,0.0012222761703264053,1.8860686495877927,[59 82]
745,0.33113387931631794,0.0013221993032260188,1.955427259520854,[55 82]
746,0.2941626571883683,0.0009391263081154701,1.7215395165212537,[55 82]
747,0.3192088293319384,0.0009138252974298745,1.79679308836901,[59 88]
748,0.2552389690889456,0.0007895408010471387,1.4553049423513496,[55 75]
749,0.3374385184739819,0.0013700557520314122,1.9629071859508302,[56 80]
750,0.30793172590779805,0.0010127817334714974,1.8136667070737273,[56 80]
751,0.3148054503958865,0.0014301114606425783,1.7215412893162974,[56 82]
752,0.30741299563047225,0.000998621347669378,1.8255439625685552,[55 82]
753,0.30186616296031027,0.0009675100051383674,1.6942009714992246,[55 84]
754,0.2906525971697356,0.0008996361666504457,1.6989487045194682,[55 82]
755,0.2991005607466229,0.0016113119009842662,1.6955372732021095,[50 61 82]
756,0.3079014296821069,0.0010739915445827763,1.6269789219124284,[56 85]
757,0.2868586266230502,0.0010006326930813278,1.661734339704179,[55 84]
758,0.3160751313770035,0.0010170931110748752,1.8195039737307575,[55 82]
759,0.3215341731904457,0.0012703610983852834,1.8795027181700534,[56 82]
760,0.3026849937458493,0.001230180249358052,1.7709166192947225,[55 78]
761,0.3192036878337732,0.0007069196627180288,1.808480321594807,[59 88]
762,0.2956788920059653,0.0008632068392236733,1.735203186511891,[54 75]
763,0.30839912526050933,0.0010212455355126018,1.704428186531669,[56 85]
764,0.31127357304362896,0.001059045594842959,1.7586763133714856,[56 84]
765,0.33291538632133383,0.0011177913642458316,1.9430831846317864,[55 81]
766,0.3128914224268094,0.0012935992075896686,1.8384653841514718,[55 78]
767,0.30816685802431437,0.0010142346926387967,1.728448357289739,[56 84]
768,0.3468288955419201,0.00041732248787891996,1.9512645119494345,[61 82]
769,0.2686258227911044,0.0007888866173086718,1.4168012137844932,[54]
770,0.30963247590131493,0.0011004797391857835,1.735387305249247,[58 85]
771,0.32418125748610627,0.0012426060670352374,1.8665515514283508,[58 81]
772,0.3100531242961206,0.0012234455051151167,1.7783475923884946,[30 49 61 82]
773,0.3266377062392179,0.001205984847662206,1.8155351485546798,[59 84]
774,0.2937670552561059,0.0009646088094766821,1.684390096298019,[54 82]
775,0.25574502755906126,0.0008768466734736705,1.4075630847533804,[55]
776,0.27262444046719575,0.000868988609901885,1.482922736278689,[55 80]
777,0.3220646451214074,0.0004972584056374967,1.8717498010025606,[59 82]
778,0.29896909968155777,0.0009528015398704783,1.6974624485281842,[52 80]
779,0.3235134856365361,0.001227443235952348,1.8139524031633423,[59 84]
780,0.30662860193667246,0.00168852308590851,1.8228061413742247,[48 59 82]
781,0.32049548921229404,0.0011418191034149783,1.8483028431590642,[56 85]
782,0.2824302631754634,0.000923677470833886,1.6550159782738352,[54 82]
783,0.30805996104338595,0.0010313593951457025,1.8022138875068636,[55 81]
784,0.33219566343957274,0.0010384551725755985,1.9085716525553484,[55 80]
785,0.3808673124060986,0.0007556657052467833,1.9440958711366618,[32 54 81]
786,0.31186332572004877,0.0009350562714074507,1.7752495391017828,[55 82]
787,0.3180176196636294,0.0010398919830211717,1.8390462834181842,[56 85]
788,0.33391470048233846,0.0013261428107503696,1.871435357458835,[59 82]
789,0.271940694946165,0.001352782022155647,1.5193801413377916,[55 78]
790,0.30897175717158876,0.0010118417813819683,1.7717504160175623,[56 82]
791,0.3314428329104307,0.0014486174002468948,1.920792570637862,[59 81]
792,0.3037112933254612,0.0013387349553411092,1.7783933083357155,[56 80]
793,0.3236939972273721,0.001290384507454487,1.8907704506372087,[59 82]
794,0.29855329588814233,0.0009324535698176095,1.6665353950473027,[55 84]
795,0.30741672907877854,0.0010228487462331421,1.7824478217007491,[55 82]
796,0.293272197850169,0.0005712060258291551,1.5829265718122763,[59 86]
797,0.30698994932270907,0.0009632154509789793,1.7685167942090207,[55 82]
798,0.2547292394199955,0.0009458463177030177,1.444297202400413,[55 75]
799,0.375383099069488,0.002397605857716096,1.931911662240732,[15 45 52 80]
800,0.30280817881340516,0.0006844836364071484,1.577734786212679,[63 82]
801,0.29381190727965173,0.0005337616037928677,1.6399692017382455,[59 82]
802,0.29864637576812425,0.0010573807844933567,1.4924911411778556,[55 80]
803,0.33215365300903843,0.0012529944049401475,1.936704927084851,[55 82]
804,0.27210432898133646,0.0011854275216132595,1.4922470692345808,[59 82]
805,0.2667585081441943,0.0012530613062600327,1.5244625837105328,[56 82]
806,0.32723951697114584,0.0012548714051466177,1.9621497687923861,[55 81]
807,0.29309607123664805,0.0006092135774904026,1.5409651291479087,[59 84]
808,0.30871183006029435,0.001038520215064404,1.8007483994424935,[55 81]
809,0.31591348628599303,0.0011234381185102433,1.527820870363434,[58 82]
810,0.32671344771479505,0.0008925372840672833,1.8075294244027975,[63 86]
811,0.3357714499120967,0.0012516994296763017,1.9960497076821895,[55 80]
812,0.31479388333471714,0.00132469497283291,1.8776708801466726,[55 80]
813,0.268122299787229,0.0007367322393206914,1.5240319770744288,[54 78]
814,0.33107744625644386,0.0012703455948792893,1.8511838694236897,[59 82]
815,0.2999718463355098,0.0014673409061991471,1.6925239410945527,[61 82]
816,0.32988550681255024,0.001739393577071678,1.7240817482306512,[50 61 82]
817,0.3052376166942631,0.0009308604197282381,1.748484936887482,[59 88]
818,0.32207369402892744,0.0012312289120986067,1.9140177795057451,[56 80]
819,0.3284184329036587,0.0013989427843309097,1.9124378981622319,[55 80]
820,0.3289968038480396,0.0013135235153452723,1.9293092151259645,[56 81]
821,0.32113084315338775,0.0009887500423548664,1.7664170334066274,[55 82]
822,0.3050443388814122,0.0009969121108594759,1.7965746276980727,[55 82]
823,0.3236871797063764,0.0006201909777383487,1.6948912986797882,[30 63 86]
824,0.282478406969302,0.0006883586366257746,1.428150143704125,[54]
825,0.294351914219723,0.0010086816141686092,1.6990043996387216,[55 84]
826,0.2877197901014777,0.0009963567227309071,1.7132650441454076,[55 84]
827,0.29785911053096087,0.0004374893638547196,1.6923585881688774,[63 82]
828,0.2987908318552508,0.0009288836496970594,1.709089981995156,[54 81]
829,0.29500157639914404,0.0016830055962310266,1.638559339924144,[48 56 80]
830,0.32789550841568355,0.0007038857449353257,1.776706576022092,[63 86]
831,0.2659890931320773,0.0012718852561011756,1.5247290385461723,[56 82]
832,0.3232024338071665,0.0013769821493735622,1.929716108950446,[55 80]
833,0.29596061187244954,0.0010935175073540715,1.7428430997152642,[55 78]
834,0.3155845467080151,0.0011794242596239418,1.7249913271581017,[61 85]
835,0.27950683465711385,0.0014738698804179756,1.5744312561805667,[55 78]
836,0.2819955259235892,0.0007100284188984795,1.531396408502467,[55 80]
837,0.33813452204626826,0.0014316665457503963,1.9996619795440433,[56 80]
838,0.2868832795683959,0.0009996863243810963,1.6807154266655138,[52 81]
839,0.30880756012095395,0.0010103932509634287,1.7727999911886532,[55 82]
840,0.30115599082803746,0.0010278553508713034,1.759552803276809,[54 75]
841,0.29651073129958455,0.0006136402475280296,1.6030836335264893,[59 86]
842,0.3085945763237011,0.001590588097130155,1.7559173472377738,[49 59 82]
843,0.2739580891815896,0.0006371147065535744,1.4860020512799703,[54 78]
844,0.33151917428081423,0.0015536730385240203,1.7346300190703587,[30 61 82]
845,0.339029548641535,0.0012961741357101308,1.8894468910336268,[59 82]
846,0.33506331089501307,0.0014528478148519222,1.955834166969301,[56 81]
847,0.33368665040126744,0.00047383513184769436,1.870553902439069,[59 82]
848,0.33423474833689704,0.000555420386855732,1.927277858126827,[59 82]
849,0.28787030735071056,0.0011250874704422911,1.6248907288942311,[52 63 85]
850,0.33056532053959914,0.0005094978371796739,1.8735502857623183,[59 82]
851,0.32252598228009194,0.001636856320405161,1.669177896732834,[51 61 85 99]
852,0.2579351632465826,0.00019653380610645352,1.3936797334203672,[59]
853,0.3229984697755222,0.0014170041478833132,1.8567926804013621,[56 80]
854,0.2731704682462368,0.0005428000028843078,1.484606609824311,[59 84]
855,0.2563329960250409,0.0008478951791910438,1.512991989424303,[55 81]
856,0.30004787795171806,0.0014470461868025374,1.7077653587847557,[49 59 82]
857,0.3592298743068712,0.0003609705743656894,1.958023441260897,[30 61 82]
858,0.29908161944435824,0.0009290541138755405,1.7002458556632936,[54 81]
859,0.29592773883633283,0.00097757306832222,1.760559151000187,[55 82]
860,0.3413824350402826,0.001523486162668781,1.9931259198487001,[59 82]
861,0.29361471856470955,0.0012846018877356578,1.704166255159515,[55 78]
862,0.2673145047119767,0.0009764091270835128,1.5108456946726276,[55 75]
863,0.2924301633784788,0.0009046288961630238,1.7165271187183548,[55 82]
864,0.3825362068654469,0.0017308775208243051,1.9925427919174936,[14 30 51 62 85]
865,0.32764030738911853,0.0011981360362666208,1.9562235146443272,[55 81]
866,0.2898204062976889,0.0009163489048817859,1.587384991883833,[59 85]
867,0.2983522260379913,0.001446970305359629,1.6670197133070435,[49 59 81]
868,0.3298290150593031,0.0012462024047684675,1.8460789080812736,[59 84]
